0xa0b86991c6218b36c1d19d4a2e9eb0ce3606eb48	1
0xeeeeeeeeeeeeeeeeeeeeeeeeeeeeeeeeeeeeeeee	1
0xc02aaa39b223fe8d0a0e5c4f27ead9083c756cc2	1
0xdac17f958d2ee523a2206206994597c13d831ec7	1
0x2260fac5e5542a773aa44fbcfedf7c193bc2c599	1
0x6b175474e89094c44da98b954eedeac495271d0f	1
0x7f39c581f595b53c5cb19bd0b3f8da6c935e2ca0	1
0x514910771af9ca656af840dff83e8264ecf986ca	1
0x6982508145454ce325ddbe47a25d4ec3d2311933	1
0x0414d8c87b271266a5864329fb4932bbe19c0c49	1
0x5283d291dbcf85356a21ba090e6db59121208b44	1
0x5a98fcbea516cf06857215779fd812ca3bef1b32	1
0x93eeb426782bd88fcd4b48d7b0368cf061044928	1
0x5f98805a4e8be255a32880fdec7f6728c6568ba0	1
0x4d224452801aced8b2f0aebe155379bb5d594381	1
0x1f9840a85d5af5bf1d1762f925bdaddc4201f984	1
0x0316eb71485b0ab14103307bf65a021042c6d380	1
0xae78736cd615f374d3085123a210448e74fc6393	1
0xb504035a11e672e12a099f32b1672b9c4a78b22f	1
0x2b591e99afe9f32eaa6214f7b7629768c40eeb39	1
0x7d1afa7b718fb893db30a3abc0cfc608aacfebb0	1
0x8390a1da07e376ef7add4be859ba74fb83aa02d5	1
0x808507121b80c02388fad14726482e061b8da827	1
0xd0d56273290d339aaf1417d9bfa1bb8cfe8a0933	1
0x0ed024d39d55e486573ee32e583bc37eb5a6271f	1
0x955d5c14c8d4944da1ea7836bd44d54a8ec35ba1	1
0x72e4f9f808c49a2a61de9c5896298920dc4eeea9	1
0x183015a9ba6ff60230fdeadc3f43b3d788b13e21	1
0x43d7e65b8ff49698d9550a7f315c87e67344fb59	1
0x0f2d719407fdbeff09d87557abb7232601fd9f29	1
0x4fabb145d64652a948d72533023f6e7a623c7c53	1
0xd533a949740bb3306d119cc777fa900ba034cd52	1
0x836a808d4828586a69364065a1e064609f5078c7	1
0x9f5f463a7666e04cdabd22bd83569a5c72cb4f4d	1
0x9e20461bc2c4c980f62f1b279d71734207a6a356	1
0xfcc5c47be19d06bf83eb04298b026f81069ff65b	1
0xd4ca5c2aff1eefb0bea9e9eab16f88db2990c183	1
0xfb66321d7c674995dfcc2cb67a30bc978dc862ad	1
0x046eee2cc3188071c02bfc1745a6b17c656e3f3d	1
0x45804880de22913dafe09f4980848ece6ecbaf78	1
0x7fc66500c84a76ad7e9c93437bfc5ac33e2ddae9	1
0x15d4c048f83bd7e37d49ea4c83a07267ec4203da	1
0xda47862a83dac0c112ba89c6abc2159b95afd71c	1
0x9f8f72aa9304c8b593d555f12ef6589cc3a579a2	1
0x95b3497bbcccc46a8f45f5cf54b0878b39f8d96c	1
0x3446dd70b2d52a6bf4a5a192d9b0a161295ab7f9	1
0x38e382f74dfb84608f3c1f10187f6bef5951de93	1
0xbe9895146f7af43049ca1c1ae358b0541ea49704	1
0x1f573d6fb3f13d689ff844b4ce37794d79a7ff1c	1
0xc18360217d8f7ab5e7c516566761ea12ce7f9d72	1
0x38e68a37e401f7271568cecaac63c6b1e19130b4	1
0xd33526068d116ce69f19a9ee46f0bd304f21a51f	1
0x9813037ee2218799597d83d4a5b6f3b6778218d9	1
0xa0dd6dd7775e93eb842db0aa142c9c581031ed3b	1
0x508e00d5cef397b02d260d035e5ee80775e4c821	1
0x76e222b07c53d28b89b0bac18602810fc22b49a8	1
0x428dca9537116148616a5a3e44035af17238fe9d	1
0x4a220e6096b25eadb88358cb44068a3248254675	1
0x92d6c1e31e14520e676a687f0a93788b716beff5	1
0x9e32b13ce7f2e80a01932b42553652e053d6ed8e	1
0xe60779cc1b2c1d0580611c526a8df0e3f870ec48	1
0xfd0205066521550d7d7ab19da8f72bb004b4c341	1
0x5b7533812759b45c2b44c19e320ba2cd2681b542	1
0x95ad61b0a150d79219dcf64e1e6cc01f0b64c4ce	1
0xf57e7e7c23978c3caec3c3548e3d615c346e79ff	1
0xc011a73ee8576fb46f5e1c5751ca3b9fe0af2a6f	1
0x0f7b3f5a8fed821c5eb60049538a548db2d479ce	1
0x102c776ddb30c754ded4fdcc77a19230a60d4e4f	1
0xbba39fd2935d5769116ce38d46a71bde9cf03099	1
0x4dd942baa75810a3c1e876e79d5cd35e09c97a76	1
0x40d16fc0246ad3160ccc09b8d0d3a2cd28ae6c2f	1
0x6de037ef9ad2725eb40118bb1702ebb27e4aeb24	1
0x78a0a62fba6fb21a83fe8a3433d44c73a4017a6f	1
0xa35923162c49cf95e6bf26623385eb431ad920d3	1
0x81db1949d0e888557bc632f7c0f6698b1f8c9106	1
0xcae3faa4b6cf660aef18474074949ba0948bc025	1
0x24d73bca2bd9c3a61e99dfc7cb86d3c379ebded7	1
0x913749155f1378fa482f5d2889fde3ada3b7515c	1
0xa1f7c9c6d19e2d0bf20729cb0bf03338a90bed9b	1
0x3aada3e213abf8529606924d8d1c55cbdc70bf74	1
0x4e3fbd56cd56c3e72c1403e103b45db9da5b9d2b	1
0x6b1a8f210ec6b7b6643cea3583fb0c079f367898	1
0x6dea81c8171d0ba574754ef6f8b412f2ed88c54d	1
0x8e870d67f660d95d5be530380d0ec0bd388289e1	1
0xe0f63a424a4439cbe457d80e4f4b51ad25b2c56c	1
0x0001a500a6b18995b03f44bb040a5ffc28e45cb0	1
0x9bf1d7d63dd7a4ce167cf4866388226eeefa702e	1
0xe28b3b32b6c345a34ff64674606124dd5aceca30	1
0xc944e90c64b2c07662a292be6244bdf05cda44a7	1
0x4e15361fd6b4bb609fa63c81a2be19d873717870	1
0xd9fcd98c322942075a5c3860693e9f4f03aae07b	1
0x02f92800f57bcd74066f5709f1daa1a4302df875	1
0xc0c293ce456ff0ed870add98a0828dd4d2903dbf	1
0xd31a59c85ae9d8edefec411d448f90841571b89c	1
0x614da3b37b6f66f7ce69b4bbbcf9a55ce6168707	1
0xa474d583a7d30c0217819dd2e7dfffd42674a58c	1
0x111111111117dc0aa78b770fa6a738034120c302	1
0x0bc529c00c6401aef6d220be8c6ea1667f6ad93e	1
0xaea46a60368a7bd060eec7df8cba43b7ef41ad85	1
0x7b4328c127b85369d9f82ca0503b000d09cf9180	1
0x056fd409e1d7a124bd7017459dfea2f387b6d5cd	1
0xf4d2888d29d722226fafa5d9b24f9164c092421e	1
0x853d955acef822db058eb8505911ed77f175b99e	1
0x738865301a9b7dd80dc3666dd48cf034ec42bdda	1
0xa0b73e1ff0b80914ab6fe0444e65848c4c34450b	1
0x3432b6a60d23ca0dfca7761b7ab56459d9c964d0	1
0x25722cd432d02895d9be45f5deb60fc479c8781e	1
0x1e4ede388cbc9f4b5c79681b7f94d36a11abebc9	1
0x244b797d622d4dee8b188b03546acaabd0cf91a0	1
0xcf0c122c6b73ff809c693db761e7baebe62b6a2e	1
0xd5d86fc8d5c0ea1ac1ac5dfab6e529c9967a45e9	1
0x767fe9edc9e0df98e07454847909b5e959d7ca0e	1
0xb62e45c3df611dce236a6ddc7a493d79f9dfadef	1
0x9ce84f6a69986a83d92c324df10bc8e64771030f	1
0x0000000000085d4780b73119b644ae5ecd22b376	1
0x8ea9bedb8bb7e99643844ec79543f4faa78453e4	1
0x993864e43caa7f7f12953ad6feb1d1ca635b875f	1
0x43ab765ee05075d78ad8aa79dcb1978ca3079258	1
0x670c6af778d1b0714cd9b694b605716afe310998	1
0x25127685dc35d4dc96c7feac7370749d004c5040	1
0xdc63269ea166b70d4780b3a11f5c825c2b761b01	1
0x77e06c9eccf2e797fd462a92b6d7642ef85b0a44	1
0xd7c1eb0fe4a30d3b2a846c04aa6300888f087a5f	1
0x64b78325d7495d6d4be92f234fa3f3b8d8964b8b	1
0xda31d0d1bc934fc34f7189e38a413ca0a5e8b44f	1
0xb64ef51c888972c908cfacf59b47c1afbc0ab8ac	1
0x69af81e73a73b40adf4f3d4223cd9b1ece623074	1
0x27702a26126e0b3702af63ee09ac4d1a084ef628	1
0x33349b282065b0284d756f0577fb39c158f935e6	1
0xe6fd75ff38adca4b97fbcd938c86b98772431867	1
0x4507cef57c46789ef8d1a19ea45f4216bae2b528	1
0xd13cfd3133239a3c73a9e535a5c4dadee36b395c	1
0xf939e0a03fb07f59a73314e73794be0e57ac1b4e	1
0x7825e833d495f3d1c28872415a4aee339d26ac88	1
0xd1d2eb1b1e90b638588728b4130137d262c87cae	1
0xdc8af07a7861bedd104b8093ae3e9376fc8596d2	1
0xb4b9dc1c77bdbb135ea907fd5a08094d98883a35	1
0xb23d80f5fefcddaa212212f028021b41ded428cf	1
0x423f4e6138e475d85cf7ea071ac92097ed631eea	1
0xc37126b2399b078e73cbcf7d7ed2df139114b2ae	1
0x4591dbff62656e7859afe5e45f6f47d3669fbb28	1
0x686f2404e77ab0d9070a46cdfb0b7fecdd2318b0	1
0x3ba925fdeae6b46d0bb4d424d829982cb2f7309e	1
0x6e835ac221d5622bf65ae21a22eb7484d1898598	1
0xcafe001067cdef266afb7eb5a286dcfd277f3de5	1
0xaaee1a9723aadb7afa2810263653a34ba2c21c7a	1
0x3845badade8e6dff049820680d1f14bd3903a5d0	1
0xc52fafdc900cb92ae01e6e4f8979af7f436e2eb2	1
0x6b0b3a982b4634ac68dd83a4dbf02311ce324181	1
0x06a4385d11b64be7248db210eca0a04a558608a5	1
0x34635280737b5bfe6c7dc2fc3065d60d66e78185	1
0x6f80310ca7f2c654691d1383149fa1a57d8ab1f8	1
0x1abaea1f7c830bd89acc67ec4af516284b1bc33c	1
0xf16e81dce15b08f326220742020379b855b87df9	1
0x340d2bde5eb28c1eed91b2f790723e3b160613b7	1
0xb3ad645db386d7f6d753b2b9c3f4b853da6890b8	1
0xdf90124b8a10d52a5df27d3f61f94f44ade09f12	1
0xa3c22370de5f9544f0c4de126b1e46ceadf0a51b	1
0xc0200b1c6598a996a339196259ffdc30c1f44339	1
0x249e38ea4102d0cf8264d3701f1a0e39c4f2dc3b	1
0xfca59cd816ab1ead66534d82bc21e7515ce441cf	1
0x7448c7456a97769f6cd04f1e83a4a23ccdc46abd	1
0xb22c05cedbf879a661fcc566b5a759d005cf7b4c	1
0x1ea48b9965bb5086f3b468e50ed93888a661fc17	1
0x626e8036deb333b408be468f951bdb42433cbf18	1
0x2c5bc2ba3614fd27fcc7022ea71d9172e2632c16	1
0x0f5d2fb29fb7d3cfee444a200298f468908cc942	1
0x6368e1e18c4c419ddfc608a0bed1ccb87b9250fc	1
0xf8c76dbea329ec4fa987afc514f805b21b249d79	1
0xf0d33beda4d734c72684b5f9abbebf715d0a7935	1
0xd084944d3c05cd115c09d072b9f44ba3e0e45921	1
0xc7555f6410e983c867748879b2f6d2b0b0e100fd	1
0xd61e1cafd50e570356dd5f6d679a7bd0535a7fcf	1
0x3feb4fea5132695542f8ede5076ac43296d17c6d	1
0xba41ddf06b7ffd89d1267b5a93bfef2424eb2003	1
0x43847f46c9cbe6e28aa990a62c0357b43b6d7c19	1
0x7f5c764cbc14f9669b88837ca1490cca17c31607	10
0x4200000000000000000000000000000000000006	10
0xeeeeeeeeeeeeeeeeeeeeeeeeeeeeeeeeeeeeeeee	10
0x1f32b1c2345538c0c6f582fcb022739c4a194ebb	10
0x4200000000000000000000000000000000000042	10
0x94b008aa00579c1307b0ef2c499ad98a8ce58e58	10
0x68f180fcce6836688e9084f035309e29bf0a2095	10
0xda10009cbd5d07dd0cecc66161fc93d7c9000da1	10
0x3c8b650257cfb5f272f799f5e2b4e65093a11a05	10
0x8c6f28f2f1a3c87f0f938b96d27520d9751ec8d9	10
0x0b2c639c533813f4aa9d7837caf62653d097ff85	10
0x9485aca5bbbe1667ad97c7fe7c4531a624c8b1ed	10
0x8700daec35af8ff88c16bdf0418774cb3d7599b4	10
0x135c78d7f52aab6e9f17bcf4a9e8627aa233d050	10
0x1db2466d9f5e10d7090e7152b68d62703a2245f0	10
0x17aabf6838a6303fc6e9c5a227dc1eb6d95c829a	10
0x920cf626a271321c151d027030d5d08af699456b	10
0xc40f949f8a4e094d1b49a23ea9241d289b7b2819	10
0x9bcef72be871e61ed4fbbc7630889bee758eb81d	10
0x350a791bfc2c21f9ed5d10980dad2e2638ffa7f6	10
0x14778860e937f509e651192a90589de711fb88a9	10
0x3a18dcc9745edcd1ef33ecb93b0b6eba5671e7ca	10
0xeb5bb9d14d27f75c787cf7475e7ed00d21dc7279	56
0xc0e6ad13bd58413ed308729b688d601243e1cf77	56
0x55d398326f99059ff775485246999027b3197955	56
0xeeeeeeeeeeeeeeeeeeeeeeeeeeeeeeeeeeeeeeee	56
0x0cf8e180350253271f4b917ccfb0accc4862f262	56
0xbb4cdb9cbd36b01bd1cbaebf2de08d9173bc095c	56
0xe9e7cea3dedca5984780bafc599bd69add087d56	56
0x297817ce1a8de777e7ddbed86c3b7f9dc9349f2c	56
0x8ac76a51cc950d9822d68b83fe1ad97b32cd580d	56
0x2170ed0880ac9a755fd29b2688956bd959f933f8	56
0x1af3f329e8be154074d8769d1ffa4ee058b1dbc3	56
0xe552fb52a4f19e44ef5a967632dbc320b0820639	56
0x7130d2a12b9bcbfae4f2634d864a1ee1ce3ead9c	56
0x0d8ce2a99bb6e3b7db580ed848240e4a0f9ae153	56
0x9840652dc04fb9db2c43853633f0f62be6f00f98	56
0x2ab0e9e4ee70fff1fb9d67031e44f6410170d00e	56
0x1a28ed8472f644e8898a169a644503b779748d6e	56
0xb64e280e9d1b5dbec4accedb2257a87b400db149	56
0x201bc9f242f74c47bbd898a5dc99cdcd81a21943	56
0x3ee2200efb3400fabb9aacf31297cbdd1d435d47	56
0x2d060ef4d6bf7f9e5edde373ab735513c0e4f944	56
0xe63c37e50a045c247b5003e24ba066f1cc3f0ff3	56
0xcf6bb5389c92bdda8a3747ddb454cb7a64626c63	56
0x555296de6a86e72752e5c5dc091fe49713aa145c	56
0x0b33542240d6fa323c796749f6d6869fdb7f13ca	56
0x872a34ebb2d54af86827810eebc7b9dc6b2144aa	56
0x0e09fabb73bd3ade0a17ecc321fd13a19e81ce82	56
0x1d2f0da169ceb9fc7b3144628db156f3f6c60dbe	56
0x14778860e937f509e651192a90589de711fb88a9	56
0x111111111117dc0aa78b770fa6a738034120c302	56
0xf16e81dce15b08f326220742020379b855b87df9	56
0x4507cef57c46789ef8d1a19ea45f4216bae2b528	56
0xde5ed76e7c05ec5e4572cfc88d1acea165109e44	56
0x8d11ec38a3eb5e956b052f67da8bdc9bef8abf3e	56
0x78a0a62fba6fb21a83fe8a3433d44c73a4017a6f	56
0x9e20461bc2c4c980f62f1b279d71734207a6a356	56
0xcafe001067cdef266afb7eb5a286dcfd277f3de5	56
0x2791bca1f2de4661ed88a30c99a7a9449aa84174	137
0xeeeeeeeeeeeeeeeeeeeeeeeeeeeeeeeeeeeeeeee	137
0x7ceb23fd6bc0add59e62ac25578270cff1b9f619	137
0x0d500b1d8e8ef31e21c99d1db9a6444d3adf1270	137
0xc2132d05d31c914a87c6611c10748aeb04b58e8f	137
0x1bfd67037b42cf73acf2047067bd4f2c47d9bfd6	137
0x385eeac5cb85a38a9a07a70c73e0a3271cfb54a7	137
0x8f3cf7ad23cd3cadbd9735aff958023239c6a063	137
0xb5c064f955d8e7f38fe0460c556a72987494ee17	137
0xe313bcb77dba15f39ff0b9ceabe140cedd0953cb	137
0x3c499c542cef5e3811e1192ce70d8cc03d5c3359	137
0x162539172b53e9a93b7d98fb6c41682de558a320	137
0xe5417af564e4bfda1c483642db72007871397896	137
0xdf7837de1f2fa4631d716cf2502f8b230f1dcc32	137
0x2ab0e9e4ee70fff1fb9d67031e44f6410170d00e	137
0xfca466f2fa8e667a517c9c6cfa99cf985be5d9b1	137
0xe261d618a959afffd53168cd07d12e37b26761db	137
0x53e0bca35ec356bd5dddfebbd1fc0fd03fabad39	137
0x146e58d34eab0bff7e0a63cfe9332908d680c667	137
0xfbdd194376de19a88118e84e279b977f165d01b8	137
0x3a58a54c066fdc0f2d55fc9c89f0415c92ebf3c4	137
0xd6df932a45c0f255f85145f286ea0b292b21c90b	137
0x0c087f8d6a1f14f71bb7cc7e1b061ca297af7555	137
0xe8d17b127ba8b9899a160d9a07b69bca8e08bfc6	137
0x82a0e6c02b91ec9f6ff943c0a933c03dbaa19689	137
0x831753dd7087cac61ab5644b308642cc1c33dc13	137
0x9246a5f10a79a5a939b0c2a75a3ad196aafdb43b	137
0xa3fa99a148fa48d14ed51d610c367c61876997f1	137
0x03b54a6e9a984069379fae1a4fc4dbae93b3bccd	137
0xd6a5ab46ead26f49b03bbb1f9eb1ad5c1767974a	137
0xe238ecb42c424e877652ad82d8a939183a04c35f	137
0xe0b52e49357fd4daf2c15e02058dce6bc0057db4	137
0x16eccfdbb4ee1a85a33f3a9b21175cd7ae753db4	137
0x172370d5cd63279efa6d502dab29171933a610af	137
0xe06bd4f5aac8d0aa337d13ec88db6defc6eaeefe	137
0x346404079b3792a6c548b072b9c4dddfb92948d5	137
0xfa68fb4628dff1028cfec22b4162fccd0d45efb6	137
0xd0cfd20e8bbdb7621b705a4fd61de2e80c2cd02f	137
0xbfc70507384047aa74c29cdc8c5cb88d0f7213ac	137
0xbd8005612124dc30601e22d8b5d188a89767c640	137
0x182fc0218d4f3ef1b48776086aed8a40b2b2a561	137
0xba777ae3a3c91fcd83ef85bfe65410592bdd0f7c	137
0x8a953cfe442c5e8855cc6c61b1293fa648bae472	137
0xe111178a87a3bff0c8d18decba5798827539ae99	137
0xac0f66379a6d7801d7726d5a943356a172549adb	137
0x8f9e8e833a69aa467e42c46cca640da84dd4585f	137
0x4e3decbb3645551b8a19f0ea1678079fcb33fb4c	137
0xd0b3a0e0ea080a0882d6e048cae8558f010ce81f	137
0x3b56a704c01d650147ade2b8cee594066b3f9421	137
0x37eb60f78e06c4bb2a5f836b0fc6bccbbaa995b3	137
0xee9a352f6aac4af1a5b9f467f6a93e0ffbe9dd35	137
0xbbba073c31bf03b8acf7c28ef0738decf3695683	137
0x34667ed7c36cbbbf2d5d5c5c8d6eb76a094edb9f	137
0x515d720b9d219f1931205d5b8d842be1fe2febde	137
0x16c8cdbe2dbc271b8f05c83e9bd72ae4f38c50d4	137
0x33b6d77c607ea499ab5db7e2201c5a516a78a5db	137
0x23e8b6a3f6891254988b84da3738d2bfe5e703b9	137
0xd41cbd667ad10ab83198f40ec6ac97190309178b	137
0xad9f61563b104281b14322fec8b42eb67711bf68	137
0x0b3f868e0be5597d5db7feb59e1cadbb0fdda50a	137
0xd0258a3fd00f38aa8090dfee343f10a9d4d30d3f	137
0x9e20461bc2c4c980f62f1b279d71734207a6a356	137
0x234f534d322df1a8a236a2f952d6657bf800f1fa	137
0x78a0a62fba6fb21a83fe8a3433d44c73a4017a6f	137
0xde5ed76e7c05ec5e4572cfc88d1acea165109e44	137
0xd13cfd3133239a3c73a9e535a5c4dadee36b395c	137
0xd5d86fc8d5c0ea1ac1ac5dfab6e529c9967a45e9	137
0x0def844ed26409c5c46dda124ec28fb064d90d27	250
0x74b23882a30290451a17c44f4f05243b6b58c76d	250
0x04068da6c83afcfa0e13ba15a6696662335d5b75	250
0xeeeeeeeeeeeeeeeeeeeeeeeeeeeeeeeeeeeeeeee	250
0x5b2af7fd27e2ea14945c82dd254c79d3ed34685e	250
0x8d11ec38a3eb5e956b052f67da8bdc9bef8abf3e	250
0x321162cd933e2be498cd2267a90534a804051b11	250
0x049d68029688eabf473097a2fc38ef61633a3c7a	250
0x82f0b8b456c1a451378467398982d4834b6829c1	250
0x21be370d5312f44cb42ce377bc9b8a0cef1a4c83	250
0x28a92dde19d9989f39a49905d7c9c2fac7799bdf	250
0x841fad6eae12c286d1fd18d1d525dffa75c7effe	250
0x5cc61a78f164885776aa610fb0fe1257df78e59b	250
0xde5ed76e7c05ec5e4572cfc88d1acea165109e44	250
0xf16e81dce15b08f326220742020379b855b87df9	250
0xaf88d065e77c8cc2239327c5edb3a432268e5831	42161
0xeeeeeeeeeeeeeeeeeeeeeeeeeeeeeeeeeeeeeeee	42161
0xff970a61a04b1ca14834a43f5de4533ebddb5cc8	42161
0x82af49447d8a07e3bd95bd0d56f35241523fbab1	42161
0xfd086bc7cd5c481dcc9c85ebe478a1c0b69fcbb9	42161
0x912ce59144191c1204e64559fe8253a0e49e6548	42161
0x2f2a2543b76a4166549f7aab2e75bef0aefc5b0f	42161
0x9e64d3b9e8ec387a9a58ced80b71ed815f8d82b5	42161
0x939727d85d99d0ac339bf1b76dfe30ca27c19067	42161
0x8b0e6f19ee57089f7649a455d89d7bc6314d04e8	42161
0x17176a9868f321411b15ccb9b934cf95597e89c4	42161
0x6f4fa69b35f02e6e352978906e5c2ff00c4dea96	42161
0x2ac2b254bc18cd4999f64773a966e4f4869c34ee	42161
0x32eb7902d4134bf98a28b963d26de779af92a212	42161
0xf97f4df75117a78c1a5a0dbb814af92458539fb4	42161
0xda10009cbd5d07dd0cecc66161fc93d7c9000da1	42161
0xccd3891c1452b7cb0e4632774b9365dc4ee24f20	42161
0x033f193b3fceb22a440e89a2867e8fee181594d9	42161
0x5979d7b546e38e414f7e9822514be443a4800529	42161
0xd77b108d4f6cefaa0cae9506a934e825becca46e	42161
0x0c4681e6c0235179ec3d4f4fc4df3d14fdd96017	42161
0xbfbcfe8873fe28dfa25f1099282b088d52bbad9c	42161
0x0c880f6761f1af8d9aa9c466984b80dab9a8c9e8	42161
0x539bde0d7dbd336b79148aa742883198bbf60342	42161
0x7a5d193fe4ed9098f7eadc99797087c96b002907	42161
0x3d9907f9a368ad0a51be60f7da3b97cf940982d8	42161
0x088cd8f5ef3652623c22d48b1605dcfe860cd704	42161
0x742b00a34f90b4ecfe362b7281812a3b5b4c3016	42161
0xfc5a1a6eb076a2c7ad06ed22c90d7e710e35ad0a	42161
0xf8388c2b6edf00e2e27eef5200b1befb24ce141d	42161
0x93ca0d85837ff83158cd14d65b169cdb223b1921	42161
0x6c2c06790b3e3e3c38e12ee22f8183b37a13ee55	42161
0x11bf4f05eb28b802ed3ab672594decb20ffe2313	42161
0x59a729658e9245b0cf1f8cb9fb37945d2b06ea27	42161
0x9e20461bc2c4c980f62f1b279d71734207a6a356	42161
0x51318b7d00db7acc4026c88c3952b66278b6a67f	42161
0x13a7dedb7169a17be92b0e3c7c2315b46f4772b3	42161
0x7c8a1a80fdd00c9cccd6ebd573e9ecb49bfa2a59	42161
0x234f534d322df1a8a236a2f952d6657bf800f1fa	42161
0x18c11fd286c5ec11c3b683caa813b77f5163a122	42161
0x20547341e58fb558637fa15379c92e11f7b7f710	42161
0x4c70d32295de15fdf302d3bcbb7fc2631ace1c91	42161
0x6fd58f5a2f3468e35feb098b5f59f04157002407	42161
0x965f298e4ade51c0b0bb24e3369deb6c7d5b3951	42161
0x9483ab65847a447e36d21af1cab8c87e9712ff93	42161
0x7f465507f058e17ad21623927a120ac05ca32741	42161
0x54bdbf3ce36f451ec61493236b8e6213ac87c0f6	42161
0xe9a5af50874c0ef2748b5db70104b5ccb5557f6d	42161
0x78414be33e8269976e5a86b2389297da1bca0e08	42161
0xf0b5ceefc89684889e5f7e0a7775bd100fcd3709	42161
0xeba7a0718868553738a0d54fe650f5cbc04c2b00	42161
0x61d394d8842a5b7d0b60a24320a43ff24b376162	42161
0xafa37dfc7ba1eb85f266f079bbb53030f5927d7e	42161
0x1c43d05be7e5b54d506e3ddb6f0305e8a66cd04e	42161
0x3b475f6f2f41853706afc9fa6a6b8c5df1a2724c	42161
0xd3af44bde72976c8e930b73c0228609434536037	42161
0x4e352cf164e64adcbad318c3a1e222e9eba4ce42	42161
0x602eb0d99a5e3e76d1510372c4d2020e12eaea8a	42161
0x38cc4c71425e9ab6b0a6ec4240121598efe08398	42161
0x6fc2680d8ad8e8312191441b4eca9eff8d06b45a	42161
0x6bb7a17acc227fd1f6781d1eedeae01b42047ee0	42161
0xa684cd057951541187f288294a1e1c2646aa2d24	42161
0x83d6c8c06ac276465e4c92e7ac8c23740f435140	42161
0xec70dcb4a1efa46b8f2d97c310c9c4790ba5ffa8	42161
0x3a18dcc9745edcd1ef33ecb93b0b6eba5671e7ca	42161
0x154388a4650d63acc823e06ef9e47c1eddd3cbb2	42161
0x1622bf67e6e5747b81866fe0b85178a93c7f86e3	42161
0x00cbcf7b3d37844e44b888bc747bdd75fcf4e555	42161
0x51a80238b5738725128d3a3e06ab41c1d4c05c74	42161
0xf19547f9ed24aa66b03c3a552d181ae334fbb8db	42161
0xb64e280e9d1b5dbec4accedb2257a87b400db149	42161
0x78a0a62fba6fb21a83fe8a3433d44c73a4017a6f	42161
0xde5ed76e7c05ec5e4572cfc88d1acea165109e44	42161
0x49d5c2bdffac6ce2bfdb6640f4f80f226bc10bab	43114
0xb97ef9ef8734c71904d8002f8b6bc66dd9c48a6e	43114
0xeeeeeeeeeeeeeeeeeeeeeeeeeeeeeeeeeeeeeeee	43114
0x9702230a8ea53601f5cd2dc00fdbc13d4df4a8c7	43114
0x420fca0121dc28039145009570975747295f2329	43114
0x152b9d0fdc40c096757f570a51e494bd4b943e50	43114
0xb31f66aa3c1e785363f0875a1b74e27b85fd66c7	43114
0xa7d7079b0fead91f3e65f86e8915cb59c1a4c664	43114
0x50b7545627a5162f82a992c33b87adc75187b218	43114
0x6e84a6216ea6dacc71ee8e6b0a5b7322eebc0fdd	43114
0xc891eb4cbdeff6e073e859e987815ed1505c2acd	43114
0xc7198437980c041c805a1edcba50c1ce5db95118	43114
0x184ff13b3ebcb25be44e860163a5d8391dd568c1	43114
0x65378b697853568da9ff8eab60c13e1ee9f4a654	43114
0x2b2c81e08f1af8835a78bb2a90ae924ace0ea4be	43114
0xd586e7f844cea2f87f50152665bcbc2c279d8d70	43114
0xd402298a793948698b9a63311404fbbee944eafd	43114
0x4f94b8aef08c92fefe416af073f1df1e284438ec	43114
0x8729438eb15e2c8b576fcc6aecda6a148776c0f5	43114
0x62edc0692bd897d2295872a9ffcac5425011c661	43114
0x19c79f282d151995d91f6dbdda2739701f9c47aa	43114
0x264c1383ea520f73dd837f915ef3a732e204a493	43114
0xd1c3f94de7e5b45fa4edbba472491a9f4b166fc4	43114
0x60781c2586d68229fde47564546784ab3faca982	43114
0x5947bb275c521040051d82396192181b413227a3	43114
0x856cc60002bac150b2738b424677879c02c516cb	43114
0xde5ed76e7c05ec5e4572cfc88d1acea165109e44	43114
0xeeeeeeeeeeeeeeeeeeeeeeeeeeeeeeeeeeeeeeee	8453
0xd9aaec86b65d86f6a7b5b1b0c42ffa531710b6ca	8453
0xfa980ced6895ac314e7de34ef1bfae90a5add21b	8453
0x833589fcd6edb6e08f4c7c32d4f71b54bda02913	8453
0x4200000000000000000000000000000000000006	8453
0x2ae3f1ec7f1f5012cfeab0185bfc7aa3cf0dec22	8453
0x50c5725949a6f0c72e6c4a641f24049a917db0cb	8453
0xb6fe221fe9eef5aba221c348ba20a1bf5e73624c	8453
0xeb466342c4d449bc9f53a865d5cb90586f405215	8453
0x703d57164ca270b0b330a87fd159cfef1490c0a5	8453
0x1c7a460413dd4e964f96d8dfc56e7223ce88cd85	8453
0xac1bd2486aaf3b5c0fc3fd868558b082a531b2b4	8453
0xe1f9ac62a2f34881f6fe0f84322de9d7024c2b8e	8453
0x9eaf8c1e34f05a589eda6bafdf391cf6ad3cb239	8453
0x23ee2343b892b1bb63503a4fabc840e0e2c6810f	8453
0x4158734d47fc9692176b5085e0f52ee0da5d47f1	8453
0xB79DD08EA68A908A97220C76d19A6aA9cBDE4376	8453
0x4a3a6dd60a34bb2aba60d73b4c88315e9ceb6a3d	8453
0xfd4330b0312fdeec6d4225075b82e00493ff2e3f	8453
0xc48e605c7b722a57277e087a6170b9e227e5ac0a	8453
0xff8adec2221f9f4d8dfbafa6b9a297d17603493d	8453
0x8fbd0648971d56f1f2c35fa075ff5bc75fb0e39d	8453
0x78a087d713be963bf307b18f2ff8122ef9a63ae9	8453
0x2598c30330D5771AE9F983979209486aE26dE875	8453
0x940181a94a35a4569e4529a3cdfb74e38fd98631	8453
0xc1CBa3fCea344f92D9239c08C0568f6F2F0ee452	8453
0xeeeeeeeeeeeeeeeeeeeeeeeeeeeeeeeeeeeeeeee	1101
0x1e4a5963abfd975d8c9021ce480b42188849d41d	1101
0xa2036f0538221a77a3937f1379699f44945018d0	1101
0xc5015b9d9161dca7e18e32f6f25c4ad850731fd4	1101
0xea034fb02eb1808c2cc3adbc15f447b93cbe08e1	1101
0xff8544fed5379d9ffa8d47a74ce6b91e632ac44d	1101
0xcf7ecee185f19e2e970a301ee37f93536ed66179	1101
0x83b874c1e09d316059d929da402dcb1a98e92082	1101
0xa8ce8aee21bc2a48a5ef670afcc9274c7bbbc035	1101
0x4f9a0e7fd2bf6067db6994cf12e4495df938e6e9	1101
0x4b16e4752711a7abec32799c976f3cefc0111f2b	1101
0x68791cfe079814c46e0e25c19bcc5bfc71a744f7	1101
0x3d5320821bfca19fb0b5428f2c79d63bd5246f89	1101
0x6b856a14CeA1d7dCfaF80fA6936c0b75972cCacE	1101
0x120ef59b80774f02211563834d8e3b72cb1649d6	1101
0x68286607a1d43602d880d349187c3c48c0fd05e6	1101
0x819d1Daa794c1c46B841981b61cC978d95A17b8e	1101